no,name,url
0,บริษัท สิริรมย์ จำกัด,https://www.home.co.th/d/sirirom
1,บริษัท เลิศ ดีเวลลอปเมนท์ จำกัด,https://www.home.co.th/d/lertdevelopment
2,บริษัท สรีธร จำกัด,https://www.home.co.th/d/sarithorn
3,บริษัท ธารทอง พรอพเพอร์ตี้ แอนด์ คอนสตรัคชั่น จำกัด,https://www.home.co.th/d/tarnthongpropertyandconstruction
4,บริษัท เอสเตท คิว จำกัด,https://www.home.co.th/d/estateq
5,บริษัท สิรารัตน์ พร็อพเพอร์ตี้ จำกัด,https://www.home.co.th/d/sirarat
6,บริษัท เอพี แมฟเวอริค จำกัด,https://www.home.co.th/d/apmaverick
7,ห้างหุ้นส่วนสามัญวราสิริ,https://www.home.co.th/d/warasiri
8,บริษัท เปี่ยมสุข พร็อพเพอร์ตี้ ดีเวลลอปเม้นท์ จำกัด,https://www.home.co.th/d/pieamsuk
9,บริษัท เอ็กซ์เท็น แคปปิตอล จำกัด,https://www.home.co.th/d/X10Capital
10,บริษัท เดอะ สปริงเพลส จำกัด,https://www.home.co.th/d/thespringplace
11,บริษัท สินทวีเคหะภัณฑ์ จำกัด,https://www.home.co.th/d/sintaveekehaphan
12,บริษัท เอ มัสท์ พร็อพเพอร์ตี้ จำกัด,https://www.home.co.th/d/amust
13,บริษัท ดิ เอสเตท ดีเวลลอปเมนท์ จำกัด,https://www.home.co.th/d/theestatedevelopment
14,บริษัท สิวารมณ์ เรียลเอสเตท จำกัด,https://www.home.co.th/d/Sivarom
15,บริษัท ทีค ดีเวลลอปเม้นท์ จำกัด,https://www.home.co.th/d/teakdevelopment
16,บริษัท ปณีตา ดีเวลลอปเมนท์ จำกัด,https://www.home.co.th/d/paneeta
17,บริษัท ธัญอนันต์ เดเวลลอปเม้นท์ จำกัด,https://www.home.co.th/d/tananan
18,บริษัท สินษร จำกัด,https://www.home.co.th/d/sinsorn
19,บริษัท เอสเตทครีเอชั่น จำกัด,https://www.home.co.th/d/estatecreation
20,บริษัท แกรนด์ เซ็นทรัล ชลบุรี จำกัด,https://www.home.co.th/d/grandcentral
21,บริษัท บ้านนาวิน จำกัด,https://www.home.co.th/d/baannavin
22,บริษัท จักรพรรดิ์ ศิวาลัย จำกัด,https://www.home.co.th/d/jakapatsivalai
23,บริษัท ศรีเทพไทยพัฒนา จำกัด,https://www.home.co.th/d/srithepthaipattana
24,บริษัท มายกรีนทาวน์ จำกัด,https://www.home.co.th/d/mygreentownhousing
25,บริษัท คิวบ์ เรียล พร็อพเพอร์ตี้ จำกัด,https://www.home.co.th/d/thecube
26,บริษัท ศิริธนา เรียลเอสเตท จำกัด,https://www.home.co.th/d/sirithanarealestate
27,บริษัท บัวทอง พร็อพเพอร์ตี้ จำกัด (บริหารงานขาย),https://www.home.co.th/d/buathongproperty
28,บริษัท บัวทอง แลนด์ แอนด์ เฮ้าส์ จำกัด,https://www.home.co.th/d/buathongland
29,บริษัท ไลฟ แอนด์ ลีฟวิ่ง จำกัด,https://www.home.co.th/d/lifeandliving
30,บริษัท ที.เอส.ดี. จำกัด,https://www.home.co.th/d/tsd
31,บริษัท ปรีชากรุ๊ป จำกัด (มหาชน),https://www.home.co.th/d/preechagroup
32,บริษัท เดอะไรซ์ พร๊อพเพอร์ตี้ จำกัด,https://www.home.co.th/d/theriseproperty
33,บริษัท ไมด้าพร็อพเพอร์ตี้ จำกัด,https://www.home.co.th/d/midaproperty
34,บริษัท ชีวา ฮาร์ท จำกัด,https://www.home.co.th/d/chewaheart
35,บริษัท 3 ช.ทรัพย์เพิ่มพูน จำกัด,https://www.home.co.th/d/suppermpoon
36,บริษัท ชีวาทัย จำกัด (มหาชน),https://www.home.co.th/d/chewathai
37,บริษัท แอล.พี.เอ็น.ดีเวลลอปเมนท์ จำกัด (มหาชน),https://www.home.co.th/d/LPN
38,บริษัท เจ้าพระยามหานคร จำกัด (มหาชน),https://www.home.co.th/d/cmcgroup
39,บริษัท วิลล่า คุณาลัย จำกัด,https://www.home.co.th/d/villaKunalai
40,บริษัท นิรันดร์วิลล์ จำกัด,https://www.home.co.th/d/nirunvill
41,บริษัท สายลมเย็น กรุ๊ป จำกัด,https://www.home.co.th/d/sailomyen
42,บริษัท ทีซี ดีเวลอปเม้นท์ จำกัด,https://www.home.co.th/d/tiancheng
43,บริษัท ณุศาศิริ จำกัด (มหาชน),https://www.home.co.th/d/nusasiri
44,บริษัท สินทรัพย์ถาวร จำกัด,https://www.home.co.th/d/sinsupthawon
45,บริษัท เค ออนเนอร์กรุ๊ป จำกัด (สำนักงานใหญ่),https://www.home.co.th/d/khonour
46,บริษัท วิไลลักษณ์ ดีเวลลอปเม้นท์ จำกัด,https://www.home.co.th/d/vilailuck
47,บริษัท ประจวบ อินเตอร์ เทรด จำกัด,https://www.home.co.th/d/prachuabintertrade
48,บริษัท ดับบลิวแอนด์ดับบลิว พร็อพเพอร์ตี้ แอนด์ ดีเวลลอปเม้นท์ จํากัด,https://www.home.co.th/d/wwpropertydevelopment
49,บริษัท เจแอนด์ดับบลิว พร็อพเพอร์ตี้ แอนด์ ดีเวลลอปเม้นท์ จำกัด,https://www.home.co.th/d/jandw
50,บริษัท มิตร เอสเตทส์ จำกัด,https://www.home.co.th/d/mitrestate
51,บริษัท รชยาเรียลเอสเตท จำกัด,https://www.home.co.th/d/rachaya
52,บริษัท สมบารมี จำกัด,https://www.home.co.th/d/sombaramee
53,บริษัท วรลักษณ์ พร๊อพเพอร์ตี้ จำกัด (มหาชน),https://www.home.co.th/d/woralukproperty
54,บริษัท คริสตัล เรียลตี้ จำกัด,https://www.home.co.th/d/crystalrealty
55,บริษัท ซิตี้ เรียลตี้ จำกัด,https://www.home.co.th/d/cityrealty
56,บริษัท อู่เงิน จำกัด,https://www.home.co.th/d/ungoen
57,บริษัท พี.เค.การ์เด้นท์ จำกัด,https://www.home.co.th/d/pkgarden
58,บริษัท นารายณ์พร็อพเพอตี้ จำกัด,https://www.home.co.th/d/naraiproperty
59,บริษัท อาร์ ซี เค พร็อพเพอร์ตี้ จำกัด,https://www.home.co.th/d/rckproperty
60,บริษัท พฤกษานารา เอสเตท จำกัด,https://www.home.co.th/d/pruksanara
61,บริษัท ปรีดา เรียลเอสเตส จำกัด,https://www.home.co.th/d/Preeda
62,บริษัท แอล แอนด์ ที แอสเสท จำกัด,https://www.home.co.th/d/landtasset
63,บริษัท เอนิว เอสเตท จำกัด,https://www.home.co.th/d/anewestate
64,บริษัท วนา แอสเสท จำกัด,https://www.home.co.th/d/wanaasset
65,บริษัท สุพรีม ทีม จำกัด,https://www.home.co.th/d/supremeteam
66,บริษัท ภูเก็ต พลัส จำกัด,https://www.home.co.th/d/phuketplus
67,บริษัท โอริน พร็อพเพอร์ตี้ จำกัด,https://www.home.co.th/d/orin
68,บริษัท โชควิวัฒน์ พร็อพเพอร์ตี้ จำกัด,https://www.home.co.th/d/chokwiwatproperty
69,บริษัท ฉัตรหลวง 2005 จำกัด,https://www.home.co.th/d/chatluang2005
70,บริษัท กุญชร พร็อพเพอร์ตี้ จำกัด,https://www.home.co.th/d/kunchornproperty
71,บริษัท ศรีพรชัย เรียลเอสเตท จำกัด,https://www.home.co.th/d/sripornchairealestate
72,บริษัท อพอลโล่ แอสเส็ท จำกัด,https://www.home.co.th/d/apolloasset
73,บริษัท เฟรเกรนท์ พร็อพเพอร์ตี้ จำกัด,https://www.home.co.th/d/fragrant
74,บริษัท ฮาบิแทท กรุ๊ป จำกัด,https://www.home.co.th/d/habitatgroup
75,บริษัท บ้านราชประสงค์ จำกัด (มหาชน),https://www.home.co.th/d/baanrajprasong
76,บริษัท พิษณุ ร่วมพัฒนา จำกัด,https://www.home.co.th/d/pisanuruampattana
77,บริษัท แอดวานซ์ ลิฟวิ่ง จำกัด,https://www.home.co.th/d/advanceliving
78,บริษัท วี.เอส.เค. เอสเตท จำกัด,https://www.home.co.th/d/vskestate
79,บริษัท อินสปายด์ เอสเตท จำกัด,https://www.home.co.th/d/nspiredestate
80,บริษัท บียอนด์ พร็อพเพอร์ตี้ จำกัด,https://www.home.co.th/d/beyondproperty
81,บริษัท ธีเอ็นพี เอสเตท จำกัด,https://www.home.co.th/d/tnpestate
82,บริษัท ธงสิริ กรุ๊ป จำกัด,https://www.home.co.th/d/thongsirigroup
83,บริษัท วี ดีเวลอปเมนท์ จำกัด,https://www.home.co.th/d/vdevelopment
84,บริษัท แม่น้ำ เรสซิเดนท์ จำกัด,https://www.home.co.th/d/menamresidences
85,บริษัท บ้านสวยกรุ๊ป (สุราษฎร์ธานี) จำกัด (มหาชน),https://www.home.co.th/d/baansuaygroup
86,บริษัท อาเวีย พร็อพเพอร์ตี้ จำกัด,https://www.home.co.th/d/avia
87,บริษัท โมเดิร์น เฮาส์ พร็อพเพอร์ตี้ จำกัด,https://www.home.co.th/d/modernhouse
88,บริษัท พิสิฐไชย เรียลเอสเตท จำกัด,https://www.home.co.th/d/phisitchairealestate
89,บริษัท มายโฮม ดีเวลอปเม้นท์ จำกัด,https://www.home.co.th/d/myhomedevelopment
90,บริษัท ดิ อินฟินิท พร็อพเพอตี้ จำกัด,https://www.home.co.th/d/theinfinite
91,บริษัท เพลินใจ คอนสตรัคชั่น แอนด์ แมเนจเม้นต์ จำกัด (เพลินใจ กรุ๊ป จำกัด),https://www.home.co.th/d/ploenjai
92,บริษัท กรุงไทย แลนด์ ดีเวลลอปเม้นท์ จำกัด,https://www.home.co.th/d/krungthai
93,บริษัท ณิชาแลนด์ จำกัด,https://www.home.co.th/d/nichaland
94,บริษัท ศิรีรินทร์ ซิคเนเจอร์ จำกัด,https://www.home.co.th/d/sireerin
95,บริษัท เค.ซี. พร็อพเพอร์ตี้ จำกัด (มหาชน),https://www.home.co.th/d/kcproperty
96,บริษัท เจ.เอส.พี. พร็อพเพอร์ตี้ จำกัด (มหาชน),https://www.home.co.th/d/jsp
97,บริษัท พร็อพเพอร์ตี้ เพอร์เฟค จำกัด (มหาชน),https://www.home.co.th/d/PF
98,บริษัท ดี-แลนด์ กรุ๊ป จำกัด,https://www.home.co.th/d/dlandgroup
99,บริษัท เรสซิเดนท์ นัมเบอร์ไนน์ จำกัด,https://www.home.co.th/d/residencenumbernine
100,บริษัท เอ็น.ซี.เฮ้าส์ซิ่ง จำกัด (มหาชน),https://www.home.co.th/d/NCHousing
101,บริษัท เจ.แอล. แอสเส็ท จำกัด,https://www.home.co.th/d/jlasset
102,บริษัท ลินลดา แอสเสท จำกัด,https://www.home.co.th/d/linladaasset
103,บริษัท ชาญอิสสระ ดีเวล็อปเมนท์ จำกัด (มหาชน),https://www.home.co.th/d/charnissara
104,บริษัท พีซ พลัส พร๊อพเพอตี้ จำกัด,https://www.home.co.th/d/peaceplusproperty
105,บริษัท อินโทร ดีเวลลอปเมนท์ จำกัด,https://www.home.co.th/d/introdevelopment
106,บริษัท นารา แลนด์ แอนด์ ดีเวลลอปเมนท์ จำกัด,https://www.home.co.th/d/naralandanddevelopment
107,บ้านถิ่นไทดี,https://www.home.co.th/d/baanthinthaidee
108,บริษัท บี.ซี แลนด์ จำกัด,https://www.home.co.th/d/bcland
109,บริษัท โคราชแลนด์ พร็อพเพอร์ตี้ จำกัด,https://www.home.co.th/d/khoratlandproperty
110,โกลเด้นซิตี้,https://www.home.co.th/d/goldencity
111,บริษัท มอร์ เอสเตท จำกัด,https://www.home.co.th/d/moreestate
112,บ้านสิริสุข,https://www.home.co.th/d/baansirisuk
113,บริษัท สินสุธีรา จำกัด,https://www.home.co.th/d/sinsutheera
114,บริษัท คิวซี เอสเตท จำกัด,https://www.home.co.th/d/qcestate
115,บริษัท ริชี่เพลซ 2002 จำกัด (มหาชน),https://www.home.co.th/d/richyplace
116,บริษัท สัมมากร จำกัด (มหาชน),https://www.home.co.th/d/Sammakorn
117,บริษัท ปริญสิริ จำกัด (มหาชน),https://www.home.co.th/d/prinsiri
118,บริษัท ไรมอน แลนด์ จำกัด (มหาชน),https://www.home.co.th/d/raimonland
119,บริษัท เสนาดีเวลลอปเม้นท์ จำกัด (มหาชน),https://www.home.co.th/d/Senadevelopment
120,บริษัท อารียา พรอพเพอร์ตี้ จำกัด (มหาชน),https://www.home.co.th/d/areeya
121,บริษัท โนเบิล ดีเวลลอปเมนท์ จำกัด (มหาชน),https://www.home.co.th/d/noblehome
122,บริษัท ยูไนเต็ด เอ็กซิบิชั่น เซ็นเตอร์ จำกัด,https://www.home.co.th/d/unitedexhibitioncenter
123,บริษัท ช.เกรียงไกร พร็อพเพอร์ตี้ จำกัด,https://www.home.co.th/d/baanchanakarn
124,บริษัท บ้านภูริปุรี จำกัด,https://www.home.co.th/d/baanpuripuri
125,บริษัท เอสวี ซิตี้ สมาร์ท จำกัด,https://www.home.co.th/d/svcitysmart
126,ห้างหุ้นส่วนจำกัด โฮมแลนด์ พาราไดซ์ การ์เด้น,https://www.home.co.th/d/homeland
127,บริษัท วงษ์สินไทย เซรามิค จำกัด,https://www.home.co.th/d/wongsinthaiceramic
128,บริษัท เอสซี แอสเสท คอร์ปอเรชั่น จำกัด (มหาชน),https://www.home.co.th/d/SC
129,บริษัท แผ่นดินทอง พร็อพเพอร์ตี้ ดีเวลลอปเม้นท์ จำกัด (มหาชน),https://www.home.co.th/d/goldenland
130,บริษัท อนันดา ดีเวลลอปเม้นท์ จำกัด (มหาชน),https://www.home.co.th/d/ananda
131,บริษัท สิงห์ เอสเตท จำกัด (มหาชน),https://www.home.co.th/d/singhaestate
132,บริษัท วอลกรีน ดีเวลลอปเม้นท์ จำกัด,https://www.home.co.th/d/wallgreendevelopment
133,บริษัท บ้านใจรัก จำกัด,https://www.home.co.th/d/banjairak
134,บริษัท ไพรมารี่ เอสเตท จำกัด,https://www.home.co.th/d/primaryestaet
135,บริษัท เอ็ม บี เค เรียลเอสเตท จำกัด,https://www.home.co.th/d/mbkrealestate
136,บริษัท มีสินดี จำกัด,https://www.home.co.th/d/meesindee
137,ณัฏยากรุ๊ป,https://www.home.co.th/d/nattayagroup
138,บริษัท เอพี (ไทยแลนด์) จำกัด (มหาชน),https://www.home.co.th/d/apthailand
139,ห้างหุ้นส่วนจำกัด วานา เรียลตี้,https://www.home.co.th/d/vanarealty
140,ห้างหุ้นส่วนจำกัด ชาลิสา เพลส,https://www.home.co.th/d/chalisa
141,ห้างหุ้นส่วนจำกัด แอล.เอ็น.เฮ้าส์ซิ่ง,https://www.home.co.th/d/lnhousing
142,บริษัท ออริจิ้น พร็อพเพอร์ตี้ จำกัด (มหาชน),https://www.home.co.th/d/origin
143,บริษัท แสนสิริ จำกัด (มหาชน),https://www.home.co.th/d/sansiri
144,บริษัท ควอลิตี้ เฮ้าส์ จำกัด (มหาชน),https://www.home.co.th/d/QH
145,บริษัท ศุภาลัย จำกัด (มหาชน),https://www.home.co.th/d/supalai
146,บริษัท พฤกษา เรียลเอสเตท จำกัด (มหาชน),https://www.home.co.th/d/pruksarealestate
147,บริษัท แลนด์ แอนด์ เฮ้าส์ จำกัด (มหาชน),https://www.home.co.th/d/landandhouses
148,บริษัท พี พร็อพเพอร์ตี้ แอนด์ ดีเวลลอปเม้นท์ จำกัด,https://www.home.co.th/d/ppropertyanddevelopment
149,บริษัท สิรารมย์ พร็อพเพอตี้ จำกัด,https://www.home.co.th/d/siraromproperty
150,บริษัท อิมเมจ พร็อพเพอร์ตี้ แมเนจเม้นท์ จำกัด,https://www.home.co.th/d/imageproperty
151,บริษัท อาณาสรา ดีเวลลอปเม้นท์ จำกัด,https://www.home.co.th/d/anasara
152,บริษัท สตาร์เวลล์แอสเซท จำกัด,https://www.home.co.th/d/starwellasset
153,บริษัท แพรวธัญวงศ์ พร็อพเพอร์ตี้ จำกัด,https://www.home.co.th/d/praewtunyawong
154,บริษัท ทรัพย์สิริสีมา พร๊อพเพอร์ตี้ จำกัด,https://www.home.co.th/d/supsirisima
155,บริษัท อู่จี๋อู่ไช้ จำกัด,https://www.home.co.th/d/ujeeuchai
156,บริษัท คลังคาซ่า จำกัด,https://www.home.co.th/d/klangcasa
157,บริษัท โคราชแผ่นดินทอง พร็อพเพอร์ตี้ จำกัด,https://www.home.co.th/d/koratpandinthong
158,การเคหะแห่งชาติ,https://www.home.co.th/d/nha
159,บริษัท นอร์ธแลนด์ ดีเวลลอปเม้นต์ จำกัด,https://www.home.co.th/d/northland
160,บริษัท ธงชัย เรียลเอสเตท จำกัด,https://www.home.co.th/d/thongchai
161,บริษัท พาร์ควิลเลจ จำกัด,https://www.home.co.th/d/parkvillage
162,บริษัท กันตพัฒน์ เพลส จำกัด,https://www.home.co.th/d/gunthpatplace
163,บริษัท มั่นคงพร็อพเพอร์ตี้ จำกัด,https://www.home.co.th/d/munkong
164,บริษัท สไมล์ คอนโด (2011) จำกัด,https://www.home.co.th/d/smilecondo
165,บริษัท ธารารมณ์ เอ็นเตอร์ไพรส์ จำกัด (มหาชน),https://www.home.co.th/d/tararomenterprise
166,บริษัท อินฟินิท เรียลเอสเตท จำกัด,https://www.home.co.th/d/infinite
167,บริษัท เดอะวิน เรียลเอสเตท จำกัด,https://www.home.co.th/d/thewinrealestate
168,บริษัท ส.สุขปิติ ชลบุรี พัฒนา จำกัด,https://www.home.co.th/d/sukpitiview
169,บริษัท นครทองกรุ๊ป จำกัด,https://www.home.co.th/d/nakornthonggroup
170,บริษัท หรรษา เรียลเอสเตท จำกัด,https://www.home.co.th/d/hunsa
171,บริษัท บดินชนก พร็อพเพอร์ตี้ จำกัด,https://www.home.co.th/d/bordinchanok
172,บริษัท ยูทีลิตี้ เรียล เอสเตท จำกัด,https://www.home.co.th/d/utility
173,บริษัท ประชาสิริ จำกัด,https://www.home.co.th/d/prachasiri
174,บริษัท แพนพลัส พร็อพเพอร์ตี้ จำกัด,https://www.home.co.th/d/panplusproperty
175,บริษัท สิสราญ กรุ๊ป จำกัด,https://www.home.co.th/d/sisaran
176,บริษัท เปรมสิตา จำกัด,https://www.home.co.th/d/premsita
177,บริษัท มณีรินทร์ พร็อพเพอร์ตี้ จำกัด,https://www.home.co.th/d/maneerin
178,บริษัท จี ดี ที พร็อพเพอร์ตี้ จำกัด,https://www.home.co.th/d/gdtproperty
179,บริษัท ปัญญา แลนด์ จำกัด,https://www.home.co.th/d/panyaland
180,บริษัท เอสเคเจ เอสเตท จำกัด,https://www.home.co.th/d/skjestate
181,บริษัท เอ.ดี เฮ้าส์ จำกัด,https://www.home.co.th/d/adhouses
182,บริษัท เฮ้าส์ ดีเวลลอปเมนท์ จำกัด,https://www.home.co.th/d/housedeevelopment
183,บริษัท เอส.แอล.เอสเตท จำกัด,https://www.home.co.th/d/slestate
184,บริษัท แบงคอกนิวเทรนด์ ดีเวลอปเมนท์ จำกัด,https://www.home.co.th/d/bangkoknewtrend
185,บริษัท นนทวี เรสซิเด๊นซ์ จำกัด,https://www.home.co.th/d/noantawe
186,บริษัท เอเบิ้ล แอสเสท กรุ๊ป จำกัด,https://www.home.co.th/d/ableasset
187,บริษัท เมโทรโพลิส พรอพเพอร์ตี้ จำกัด,https://www.home.co.th/d/metropolis
188,บริษัท ธารารมณ์เอสเตท จำกัด,https://www.home.co.th/d/tararomestate
189,บริษัท แพทโก้ แพลตินัม จำกัด,https://www.home.co.th/d/paetco-platinum
190,บริษัท เชนจ์ เอสเตท จำกัด,https://www.home.co.th/d/changeestate
191,บริษัท มั่นคงเคหะการ จำกัด (มหาชน),https://www.home.co.th/d/MK
192,บริษัท วี พร็อพเพอร์ตี้ ดีเวลลอปเมนท์ จำกัด,https://www.home.co.th/d/vpropertydevelopment
193,บริษัท ชนันธร ดีเวลลอปเม้นท์ กรุ๊ป จำกัด,https://www.home.co.th/d/chanuntorn
194,บริษัท พรีเมี่ยม เพลส กรุ๊ป จำกัด,https://www.home.co.th/d/premiumplacegroup
195,บริษัท เอ็มเจ วัน กรุ๊ป จำกัด,https://www.home.co.th/d/mjonegroup
196,บริษัท อีสเทอร์น สตาร์ เรียล เอสเตท จำกัด (มหาชน),https://www.home.co.th/d/easternstar
197,บริษัท พฤกษา วิลเลจ จำกัด,https://www.home.co.th/d/pruksavillage
198,บริษัท ไนน์ตี้ไนน์ เอสเตท จำกัด,https://www.home.co.th/d/theoneplus
199,บริษัท ลลิล พร็อพเพอร์ตี้ จำกัด (มหาชน),https://www.home.co.th/d/lalinproperty
200,บริษัท พราว เอสเตท ดีเวลลอปเม้นท์ จำกัด,https://www.home.co.th/d/proud
201,บริษัท นิราวิลล์ พร็อพเพอร์ตี้ จำกัด,https://www.home.co.th/d/niravillegroup
202,บริษัท เรียลแอสเสท ดีเวลลอปเม้นท์ จำกัด,https://www.home.co.th/d/realasset
203,บริษัท เพซ ดีเวลลอปเมนท์ คอร์ปอเรชั่น จำกัด (มหาชน),https://www.home.co.th/d/pacedevelopment
204,บริษัท กานดา พร็อพเพอร์ตี้ จำกัด,https://www.home.co.th/d/kanda
205,บริษัท แฮบบิต้า เอสเตท จำกัด,https://www.home.co.th/d/habitaestate
206,บริษัท เพลินจิต พรอพเพอร์ตี้ จำกัด,https://www.home.co.th/d/ploenchit
207,บริษัท เค โฮม แอสเซท จำกัด,https://www.home.co.th/d/khome
208,โครงการบ้านปิยภัทร,https://www.home.co.th/d/baanpiyapatt
209,โครงการบ้านธนกฤษณ์เชียงใหม่,https://www.home.co.th/d/thanakit
210,บริษัท เดอะ ทรอปิคอล โฮม จำกัด,https://www.home.co.th/d/thetropical
211,The Green City Condo,https://www.home.co.th/d/thegreencity
212,บริษัท ไดมอนด์ ลานนา จำกัด,https://www.home.co.th/d/gdlanna
213,บริษัท เวลท็อป พรอพเพอร์ตี้ จำกัด,https://www.home.co.th/d/welltop
214,บริษัท กู๊ดลิฟวิ่งโฮม เรียลเอสเตท จำกัด,https://www.home.co.th/d/goodlivinghome
215,บริษัท เชียงใหม่ บิสสิเนส พาร์ค จำกัด,https://www.home.co.th/d/chiangmaibusiness
216,บริษัท พฤกษา ดอยคำ พร็อพเพอร์ตี้ จำกัด,https://www.home.co.th/d/villaflora
217,บริษัท บ้านรุ่งอรุณเชียงใหม่ จำกัด,https://www.home.co.th/d/baanparichat
218,บริษัท ปาล์มการ์เด้น เชียงใหม่ จำกัด,https://www.home.co.th/d/palmgarden
219,บริษัท มาลาดา จำกัด,https://www.home.co.th/d/malada
220,บริษัท อรุณาวา จำกัด,https://www.home.co.th/d/arunawa
221,บริษัท สยาม เรียลเอสเตท โซลูชั่น จำกัด,https://www.home.co.th/d/siamreal
222,บริษัท อรสิริน พร็อพเพอร์ตี้ จำกัด,https://www.home.co.th/d/ornsirin
223,บริษัท รีเกิล แอสเสท จำกัด,https://www.home.co.th/d/regal
224,บริษัท โมเบียส เรียลเอสเตท จำกัด,https://www.home.co.th/d/mobius
225,บริษัท รุ่งทิวา พร็อพเพอร์ตี้ จำกัด,https://www.home.co.th/d/rungtiva
226,โครงการ ซีรีนพาร์ค,https://www.home.co.th/d/serenepark
227,บริษัท ไวซ์ พร็อพเพอร์ตี้ จำกัด,https://www.home.co.th/d/wizeproperty
228,บริษัท เอ็นทีเอส พร็อพเพอร์ตี้ จำกัด,https://www.home.co.th/d/ntsproperty
229,บริษัท สตาร์ เอวีนิว จำกัด,https://www.home.co.th/d/staravenue
230,บริษัท ยูเนี่ยนโฟร์ดิเวลลอปเมนท์ จำกัด,https://www.home.co.th/d/Unionfour
231,บริษัท ท็อป พร็อพเพอร์ตี้ จำกัด,https://www.home.co.th/d/toppropertes
232,บริษัท เอ เบสท์ เอสเตท จำกัด,https://www.home.co.th/d/abestestate
233,บริษัท ฉัตรชนก พร็อพเพอร์ตี้ จำกัด,https://www.home.co.th/d/chatchanok
234,บริษัท เทพนิมิตร พร็อพเพอร์ตี้ จำกัด,https://www.home.co.th/d/thepnimitr
235,บริษัท ปุณณกัณฑ์ พร็อพเพอร์ตี้,https://www.home.co.th/d/poonakan
236,บริษัท สุชาดาพร็อพเพอร์ตี้ จำกัด,https://www.home.co.th/d/suchada
237,โครงการ บ้านพงศ์มลวิวัฒน์ หาดใหญ่,https://www.home.co.th/d/pongmonwiwat
238,โครงการบ้านเทอร่าวิลล์,https://www.home.co.th/d/theterraville
239,บริษัท ลินลี่ พร็อพเพอร์ตี้ จำกัด,https://www.home.co.th/d/thelinly
240,โครงการพราววิลเลจน์,https://www.home.co.th/d/proudvillage
241,บริษัท หาดใหญ่ชุมพล ดีเวลลอปเม้นท์ จำกัด,https://www.home.co.th/d/hatyaichumpol
242,ห้างหุ้นส่วนสามัญ เดอะกรีนพร็อพเพอตี้,https://www.home.co.th/d/thegreenproperty
243,บริษัท เพชรไพลินส์ 2015 จำกัด,https://www.home.co.th/d/petchpailin
244,บริษัท ออกซิเจนเรียลเอสเตท จำกัด,https://www.home.co.th/d/oxygen
245,บริษัท ซี.พี.แลนด์ จำกัด (มหาชน),https://www.home.co.th/d/cpland
246,บริษัท พิณสิริ พร็อพเพอร์ตี้ จำกัด,https://www.home.co.th/d/pinsiri
247,บริษัท วิรัลพัชร เซอร์วิส กรุ๊ป จำกัด,https://www.home.co.th/d/tripletree
248,บริษัท ทรัพย์พนา พร็อพเพอร์ตี้ส์ จำกัด,https://www.home.co.th/d/sabphana
249,บริษัท ศักดิ์สายธารรีสอร์ท จำกัด,https://www.home.co.th/d/saksaitarn
250,บริษัท รุ่งวิกรัย พร็อพเพอร์ตี้ จำกัด,https://www.home.co.th/d/rungwikrai
251,บริษัท เดอะ พร็อพเพอร์ตี้ พรีเมี่ยม จำกัด,https://www.home.co.th/d/thepropertypremium
252,บริษัท บี ลีฟวิ่ง พรอพเพอร์ตี้ จำกัด,https://www.home.co.th/d/beliving
253,โครงการ แสนสุขทาวน์,https://www.home.co.th/d/sansuktown
254,บริษัท เดอ พอช จำกัด,https://www.home.co.th/d/derposh
255,บริษัท เอสซี เรียลเอสเตท ดีเวลลอปเม้นท์ จำกัด,https://www.home.co.th/d/screalestate
256,บริษัท กันสิริ แลนด์ เดเวอลอปเม้นท์ จำกัด,https://www.home.co.th/d/kansiri
257,บริษัท เดอะ เน็กซ์ แอสเซท จำกัด,https://www.home.co.th/d/thenext
258,บริษัท ชูชื่น จำกัด,https://www.home.co.th/d/choochuen
259,บริษัท วิชั่น สมาร์ท ซิตี้ จำกัด,https://www.home.co.th/d/visionsmartcity
260,บริษัท จอมธกล จำกัด (สำนักงานใหญ่),https://www.home.co.th/d/jomtakol
261,บริษัท สมาร์ทแลนด์ บูรพา จำกัด,https://www.home.co.th/d/smartlandburapa
262,บริษัท ดี เอส ซี แลนด์ จำกัด,https://www.home.co.th/d/dscland
263,บริษัท 9999 พร็อพเพอร์ตี้ จำกัด,https://www.home.co.th/d/9999
264,บริษัท ริวโอ พร็อพเพอร์ตี้ จำกัด,https://www.home.co.th/d/ryuovillage
265,บริษัท ดับบลิวที แลนด์ เดเวลลอปเม้นท์ จำกัด,https://www.home.co.th/d/wtland
266,บริษัท พลัสวัน พร็อพเพอร์ตี้ จำกัด,https://www.home.co.th/d/plusone
267,บริษัท ดิโอโซน พร็อพเพอร์ตี้ จำกัด,https://www.home.co.th/d/ozonevilla
268,บริษัท มนัสธารา พรอพเพอร์ตี้ จำกัด,https://www.home.co.th/d/manasthara
269,บริษัท วริศราโฮม จำกัด,https://www.home.co.th/d/warisara
270,บริษัท ทรัพย์ธานี พร็อพเพอร์ตี้ จำกัด,https://www.home.co.th/d/thupthanee
271,บริษัท เอ็กเซ็กคิวทีฟ แอสเซท จำกัด,https://www.home.co.th/d/executive
272,บริษัท บ้านสิริศา จำกัด (สำนักงานใหญ่),https://www.home.co.th/d/sirisa
273,โครงการเดอะริช ระยอง,https://www.home.co.th/d/therichrayong
274,บริษัท เดอะ พราว ระยอง จำกัด (มหาชน),https://www.home.co.th/d/theproudrayong
275,บริษัท เอ็ม เอช เค เอ็นเตอร์ไพรส์ จำกัด,https://www.home.co.th/d/mhk
276,บริษัท เพอร์เฟค โฮม รีสอร์ท จำกัด,https://www.home.co.th/d/perfecthomeresort
277,บริษัท ศิริวิชญ์ พัฒนา กรุ๊ป จำกัด,https://www.home.co.th/d/sirivitpattana
278,บริษัท บ้านนวัตกรรม 2012 จำกัด,https://www.home.co.th/d/homeinnovation
279,บริษัท เดอะน๊อตติ้งฮิลล์ จำกัด,https://www.home.co.th/d/thenottinghill
280,บริษัท แพทโก้แลนด์ จำกัด,https://www.home.co.th/d/paetcoland
281,บริษัท พีซแอนด์ลีฟวิ่ง จำกัด,https://www.home.co.th/d/peaceandliving
282,บริษัท แอสเซทไวส์ จำกัด,https://www.home.co.th/d/assetwise
283,บริษัท รสิกา พร็อพเพอร์ตี้ จำกัด,https://www.home.co.th/d/Rasika
284,บริษัท ภัทรเฮ้าส์ แอนด์ พร็อพเพอร์ตี้ จำกัด (มหาชน),https://www.home.co.th/d/pattrahouse
285,บริษัท บี ที วาย ดีเวลลอปเมนท์ จำกัด,https://www.home.co.th/d/bty
286,บริษัท วีพี เรียลเอสเตท พร็อพเพอร์ตี้ ดีเวลล็อปเม้นท์ จำกัด,https://www.home.co.th/d/vprealestate
287,บริษัท วัชราดล จำกัด,https://www.home.co.th/d/watcharadol
288,บริษัท สามออ จำกัด,https://www.home.co.th/d/samor
289,บริษัท รัตนากร แอสเซท จำกัด,https://www.home.co.th/d/ratanakornassets
290,บริษัท กรีนเนอรี่ โฮม จำกัด,https://www.home.co.th/d/greeneryhome
291,โครงการ อีสเทิร์น วิลเลจ,https://www.home.co.th/d/easternvillage
292,บริษัท จักรไพศาล กรุ๊ป จำกัด,https://www.home.co.th/d/jakpaisangroup
293,โครงการบ้านปณิตา,https://www.home.co.th/d/banpanita
294,โครงการ บ้านแสนสบาย,https://www.home.co.th/d/baansansabai
295,ซีรีโน แอร์พอร์ต คอนโด,https://www.home.co.th/d/serenoairport
296,บริษัท เชียงใหม่ 99 ปาล์ม จำกัด,https://www.home.co.th/d/chiangmai99
297,บริษัท พรอมท์ ดีเวลลอปเมนท์ จำกัด,https://www.home.co.th/d/promt
298,บริษัท บ้านสวนวงศ์ทอง จำกัด,https://www.home.co.th/d/wongthonghouse
299,บริษัท ธีรินทร์กรุ๊ป จำกัด,https://www.home.co.th/d/teeringroup
300,บริษัท ซับเจคทีฟ จำกัด,https://www.home.co.th/d/subjective
301,บริษัท ซันเคียว โฮม (ไทยแลนด์) จำกัด,https://www.home.co.th/d/sankyu
302,บริษัท วังทอง กรุ๊ป จำกัด (มหาชน),https://www.home.co.th/d/wangthong
303,โครงการดารียา,https://www.home.co.th/d/dareeya
304,บริษัท อัลติจูด ดีเวลลอปเม้นท์ จำกัด,https://www.home.co.th/d/altitude
305,โครงการกรีน ปาร์ควิลล์ สงขลา,https://www.home.co.th/d/greenparkvill
306,บริษัท นันทวัฒน์ เรียลเอสเตท จำกัด,https://www.home.co.th/d/nanthawat
307,บริษัท เดลิเซีย จำกัด,https://www.home.co.th/d/delicia
308,Green Park by Eco Idea,https://www.home.co.th/d/greenpark
309,บริษัท พัฒนภิรมย์ จำกัด,https://www.home.co.th/d/pattanaphirom
310,ห้างหุ้นส่วนจำกัด รัตนโอฬาร เดเวลลอบเมนต์,https://www.home.co.th/d/ratanaolarn
311,บริษัท โฟร์พี แลนด์ จำกัด,https://www.home.co.th/d/fourpland
312,บริษัท บัญชาปราณี จำกัด,https://www.home.co.th/d/banchapranee
313,บริษัท พี พลัส วิลเลจ จำกัด,https://www.home.co.th/d/pplusvillage
314,บริษัท บีซีแอล พร็อพเพอร์ตี้ จำกัด,https://www.home.co.th/d/bcl
315,โครงการ บ้านร่มไม้ 3 มาบยางพร,https://www.home.co.th/d/baanrommai
316,บริษัท ฟูล ริช ลีฟวิ่ง จำกัด,https://www.home.co.th/d/fullrichliving
317,บริษัท โกลบอล ท็อป กรุ๊ป จำกัด,https://www.home.co.th/d/globaltopgroup
318,บริษัท สร้างสรรค์บ้านและที่ดิน จำกัด,https://www.home.co.th/d/sangsan
319,บริษัท 1 กรุ๊ป ดีวีลอปเม้นท์ จำกัด,https://www.home.co.th/d/onegroupdevelopment
320,บริษัท สร้างสรรค์ ลิฟวิ่ง จำกัด,https://www.home.co.th/d/srangsanliving
321,บริษัท โอฮาน่า คอนโด,https://www.home.co.th/d/ohana
322,บริษัท บ้านไทยแสงทอง จำกัด,https://www.home.co.th/d/baanthaisaengthong
323,บริษัท สินธารา พร็อพเพอร์ตี้ จำกัด,https://www.home.co.th/d/sinthara
324,บริษัท ซีนิท แอสเซท จำกัด,https://www.home.co.th/d/zenith
325,บริษัท ลักซูรี่ คอนโดมิเนียม จำกัด,https://www.home.co.th/d/luxurycomcominium
326,บริษัท แก่นทอง(2552) จำกัด,https://www.home.co.th/d/kaenthong
327,บริษัท โอเชี่ยน พรอพเพอร์ตี้ จำกัด,https://www.home.co.th/d/oceanproperty
328,บริษัท คหการ จำกัด,https://www.home.co.th/d/kahakarn
329,บริษัท กันยารัตน์ กรุ๊ป จำกัด,https://www.home.co.th/d/kanyarat
330,บริษัท ธนาภิรมย์ พร็อพเพอร์ตี้ จำกัด,https://www.home.co.th/d/tanapirom
331,บริษัท รักษ์แสนสุข จำกัด,https://www.home.co.th/d/thegrosvenor
332,บริษัท บิ๊ก ทรี แอสเสท จำกัด,https://www.home.co.th/d/bigtree
333,ห้างหุ้นส่วนจำกัด ชลพฤกษ์ พาร์ค วิลล์,https://www.home.co.th/d/chonlapruek
334,บริษัท เท็น ไทย ดีเวลลอปเม้นท์ จำกัด,https://www.home.co.th/d/tenthai
335,บริษัท รวมโชค พร็อพเพอร์ตี้ จำกัด,https://www.home.co.th/d/ruamchoke
336,บริษัท โกลบอล กลอรี่ ดิวิลอปเม้นท์ จำกัด,https://www.home.co.th/d/globalglory
337,บริษัท ลิขิตรา ดีเวลลอปเมนท์ จำกัด,https://www.home.co.th/d/likitra
338,บริษัท วัน เรียลเอสเตท จำกัด,https://www.home.co.th/d/onerealestate
339,บริษัท บีเคจี คอร์เปอร์เรท จำกัด,https://www.home.co.th/d/bkg
340,บริษัท เมืองเอกขอนแก่น จำกัด,https://www.home.co.th/d/muangake
341,บริษัท เลควิว พร็อพเพอร์ตี้ จำกัด,https://www.home.co.th/d/lakeview
342,บริษัท เคพีเอ็น แอนด์ ทีดับบลิว แอสเซ็ท ดีเวลล็อปเม้นท์ แอนด์ แมเนจเม้นท์ จำกัด,https://www.home.co.th/d/kpn
343,บริษัท รุ่งพัฒนา พร็อพเพอร์ตี้ จำกัด,https://www.home.co.th/d/rungpatana
344,บริษัท เคพี ลิฟวิ่ง เรียลเอสเตท จำกัด,https://www.home.co.th/d/kpliving
345,บริษัท ลัคกี้ ลิฟวิ่ง พร็อพเพอร์ตี้ส์ จำกัด,https://www.home.co.th/d/luckyliving
346,บริษัท ลำลูกกาพร็อพเพอร์ตี้ จำกัด,https://www.home.co.th/d/lamlukkaproperty
347,บริษัท ที.เค.เอช. ดีเวลลอปเม้นท์ จำกัด,https://www.home.co.th/d/TKH
348,บริษัท วี พร็อพเพอร์ตี้ 2012 จำกัด,https://www.home.co.th/d/weproperty
349,บริษัท ทิพย์สิริ แอสเซท จำกัด,https://www.home.co.th/d/thipsiriasset
350,ที สเปซ สำนักงานใหญ่,https://www.home.co.th/d/tspace
351,บ้านมงคลเลิศธานี 2/บ้านมงคลเลิศธานี,https://www.home.co.th/d/mongkollers
352,บริษัท เกรซ ไอเวอรี่ จำกัด,https://www.home.co.th/d/graceivory
353,บริษัท อีสานพิมานกรุ๊ป จำกัด,https://www.home.co.th/d/pimangroup
354,บริษัท เจอาร์วาย พัฒนา กรุ๊ป จำกัด,https://www.home.co.th/d/jrygroup
355,บริษัท โชคสว่างเคหะการ จำกัด,https://www.home.co.th/d/choksawanghousing
356,บริษัท ทองหล่อ 17 จำกัด,https://www.home.co.th/d/thonglor17
357,บริษัท ทเวลฟ์ เอสเตท จำกัด,https://www.home.co.th/d/twelveestate
358,บริษัท ทรอปิคอล เฮอริเทจ จำกัด,https://www.home.co.th/d/tropicalheritage
359,บริษัท ไตร พร็อพเพอตี้ จำกัด,https://www.home.co.th/d/Triproperty
360,บริษัท ดิไอคอนสยาม ซูเปอร์ลักซ์ เรสซิเดนซ์ คอร์ปอเรชั่น จำกัด,https://www.home.co.th/d/theiconsiam
361,บริษัท ดิ เออเบิ้ล พร็อพเพอร์ตี้ จำกัด,https://www.home.co.th/d/theurban
362,บริษัท ดับเบิ้ลยู-ชินวะ จำกัด,https://www.home.co.th/d/wshinwa
363,บริษัท ฐานะ ดีเวลอปเมนต์ จำกัด,https://www.home.co.th/d/thanadevelopment
364,บริษัท เจริญสุขใส พร็อพเพอร์ตี้ จำกัด,https://www.home.co.th/d/charoensuksai
365,บริษัท ฐานธุรกิจมั่นคง จำกัด,https://www.home.co.th/d/tharnthurakit
366,บริษัท เจริญนครพรอพเพอร์ตี้ จำกัด,https://www.home.co.th/d/charoennakorn
367,บริษัท กู๊ดวิลล์ แลนด์ จำกัด,https://www.home.co.th/d/goodvilleland
368,บริษัท เซนจูรี่ ซิตี้ เรียลเอสเตท จำกัด,https://www.home.co.th/d/centurycity
369,บริษัท ที.เอ็ม.ที.แลนด์ จำกัด,https://www.home.co.th/d/tmtland
370,ห้างหุ้นส่วนจำกัด เป็นสุขแลนด์,https://www.home.co.th/d/pensuk
371,บริษัท ณัชณิชา แลนด์แอนด์เฮ้าส์ จำกัด,https://www.home.co.th/d/nuchnicha
372,บริษัท จีนายน์ กรุ๊ป จำกัด,https://www.home.co.th/d/gnine
373,บริษัท เค.พี.เอ็น. กรุ๊ป คอร์ปอเรชั่น จำกัด,https://www.home.co.th/d/kpngroup
374,บริษัท เค. ดี. แอสเซท แอนด์ ดีเวลล็อปเม้นท์ จำกัด,https://www.home.co.th/d/kdasset
375,บริษัท อาร์พี แอสเสท จำกัด,https://www.home.co.th/d/rpasset
376,บริษัท คันทรี่ กรุ๊ป ดีเวลลอปเมนท์ จำกัด (มหาชน),https://www.home.co.th/d/country
377,บริษัท ควอด จำกัด,https://www.home.co.th/d/quad
378,บริษัท เกษร พร็อพเพอร์ตี้ จำกัด,https://www.home.co.th/d/gaysorn
379,บริษัท ที เอ เอส พร็อพเพอร์ตี้ จำกัด,https://www.home.co.th/d/tas
380,บริษัท ทำเลทอง จำกัด,https://www.home.co.th/d/thumlaethong
381,บริษัท ประภัสสร พร็อพเพอร์ตี้ จำกัด,https://www.home.co.th/d/praphassorn
382,บริษัท กรีนโนวา พร็อพเพอร์ตี้ จำกัด,https://www.home.co.th/d/greenova
383,ทีซี ดีเวลลอปเมนท์,https://www.home.co.th/d/tcdevelopment
384,บริษัท เจ แอนด์ ซี อินเตอร์เนชั่นแนล ดีเวลลอปเม้นท์ กรุ๊ป จำกัด,https://www.home.co.th/d/jcintergroup
385,บริษัท ริเวียร่า กรุ๊ป,https://www.home.co.th/d/riviera
386,บริษัท ประชาสุข พรอพเพอร์ตี้ จำกัด,https://www.home.co.th/d/prachasuk
387,บริษัท ยูโร-ไทย พรอพเพอร์ตี้ โฮลดิ้ง จำกัด,https://www.home.co.th/d/eurothai
388,บริษัท ซิตี้ รีสอร์ท แลนด์ จำกัด,https://www.home.co.th/d/cityresortland
389,บริษัท กรุงเทพพัฒนา ซีเอ็มเอส จำกัด,https://www.home.co.th/d/bangkokpattana
390,บริษัท เจเอเอส แอสเซ็ท จำกัด (มหาชน),https://www.home.co.th/d/jasasset
391,บริษัท ที เค บิซิเนส เซ็นเตอร์ จำกัด,https://www.home.co.th/d/tkbusiness
392,บริษัท ไซมิส แอสเสท จำกัด,https://www.home.co.th/d/siamese
393,บริษัท ซิตี้ รีสอร์ท ลิฟวิ่งโฮม จำกัด,https://www.home.co.th/d/cityresort
394,บริษัท ปกาสิต แอนด์ ซัน แอสเซท จำกัด,https://www.home.co.th/d/pagasit
395,บริษัท ขุมสินทรัพย์ จำกัด,https://www.home.co.th/d/deluxetown
396,บริษัท เอเวอร์แลนด์ จำกัด (มหาชน),https://www.home.co.th/d/everland
397,บริษัท สุดีกาญจน์ จำกัด,https://www.home.co.th/d/baanchaunchom
398,บริษัท แคปปิตอลจี ดีเวลลอปเมนท์ จำกัด,https://www.home.co.th/d/capitalg
399,บริษัท คาร์นิวาล จำกัด,https://www.home.co.th/d/Carnival
400,บริษัท เอ็มจีเทคกรุ๊ฟ จำกัด,https://www.home.co.th/d/mgtech
401,บริษัท เดอะ แบ็กยาร์ด จำกัด,https://www.home.co.th/d/backyard
402,บริษัท ฮิวแมนเนสท์ จำกัด,https://www.home.co.th/d/humannest
403,บริษัท ไอริส กรุ๊ป จำกัด,https://www.home.co.th/d/irisgroup
404,บริษัท ทีพร็อพเพอร์ตี้ ดีเวลลอปเมนท์ จำกัด,https://www.home.co.th/d/t59westgate
405,บริษัท เศรณีแลนด์ จำกัด,https://www.home.co.th/d/seraneeland
406,บริษัท บีเคเค แกรนด์ เอสเตท จำกัด,https://www.home.co.th/d/bkkgrand
407,บริษัท สุพีเรีย พร็อพเพอร์ตี้ จำกัด,https://www.home.co.th/d/superior
408,บริษัท ส.สินทรัพย์ พร็อพเพอร์ตี้ จำกัด,https://www.home.co.th/d/ssinsap
409,บริษัท ทริปเปิ้ล แลนด์ ดีเวลลอปเม้นท์ จำกัด,https://www.home.co.th/d/tripleland
410,บริษัท สรรค์ชัยวัฒน์ พร็อพเพอร์ตี้ จำกัด,https://www.home.co.th/d/sanchaiwat
411,บริษัท วีเอสพีวังน้อย เอ็นเตอร์ไพร์ส จำกัด,https://www.home.co.th/d/vsp
412,บริษัท ทีพีซี แอสเสท จำกัด,https://www.home.co.th/d/tpcasset
413,บริษัท เลิศสามารถ โยธา จำกัด,https://www.home.co.th/d/Lertsamart
414,บริษัท พรไพลิน จำกัด,https://www.home.co.th/d/pornpailin
415,บริษัท สมาร์ทแลนด์ แอสเสท จำกัด,https://www.home.co.th/d/smartland
416,บริษัท สวอน เอสเตท จำกัด,https://www.home.co.th/d/swanestate
417,บริษัท เนริช โฮลดิ้ง จำกัด,https://www.home.co.th/d/naresh
418,บริษัท แฟนซี แอสเสท จำกัด,https://www.home.co.th/d/fancyasset
419,บริษัท เดอะช้อยส์ พร็อพเพอร์ตี้ ดีเวลลอปเม้นท์ จํากัด,https://www.home.co.th/d/thechoice
420,บริษัท นัมเบอร์วันเฮ้าส์ซิ่ง ดิเวลลอปเม้นท์ จำกัด,https://www.home.co.th/d/numberonegroup
421,บริษัท แกรนด์วิลล์ พัฒนา จำกัด,https://www.home.co.th/d/grandville
422,บริษัท มารวย เรียลเอสเตท จำกัด,https://www.home.co.th/d/bannmarui
423,บริษัท สยาม มาสเตอร์พีซ แอสเส็ท จำกัด,https://www.home.co.th/d/siammasterpiece
424,บริษัท ไลฟ์ อิมเมจ คอนโดมิเนียม จำกัด,https://www.home.co.th/d/lifeimege
425,บริษัท วินซัม จำกัด,https://www.home.co.th/d/winsome
426,บริษัท แอล เค เอช ดีเวลลอปเม้นท์ จำกัด,https://www.home.co.th/d/lkhdev
427,บริษัท สุชาต์ธนกิจ จำกัด,https://www.home.co.th/d/suchathanakij
428,บริษัท ที เอช แลนด์ แอนด์ เฮ้าส์ จำกัด,https://www.home.co.th/d/thland
429,บริษัท อัสสกาญจน์ จำกัด,https://www.home.co.th/d/asakan
430,บริษัท เอ พลัส เรียลเอสเตท จำกัด,https://www.home.co.th/d/aplusrealestat
431,บริษัท อลิชา กรุ๊ป จำกัด,https://www.home.co.th/d/alichagroup
432,บริษัท คอนเน็กซ์ชั่น ดีเวลลอปเม้นท์ จำกัด,https://www.home.co.th/d/connexion
433,บริษัท เอ.บี.เดคคอร์เรท จำกัด,https://www.home.co.th/d/abdecorate
434,บริษัท จี แลนด์ พร็อพเพอร์ตี้ จำกัด,https://www.home.co.th/d/gland
435,บริษัท น้อมบุญ จำกัด,https://www.home.co.th/d/normboon
436,บริษัท สวนหลวงบ้านและที่ดิน จำกัด,https://www.home.co.th/d/suanluang
437,บริษัท ธนาแลนด์ จำกัด,https://www.home.co.th/d/thanaland
438,บริษัท เอ็น แอล แอสเซ็ท จำกัด,https://www.home.co.th/d/nlasset
439,บริษัท ดีเอสเอส เรียลเอสเตท จำกัด,https://www.home.co.th/d/dssreal
440,บริษัท แอนต้า ดีเวลลอปเมนท์ จำกัด,https://www.home.co.th/d/antadevelopment
441,บริษัท ฟลอเลส สาทร เรสซิเด้นซ์ จำกัด,https://www.home.co.th/d/flawless
442,บริษัท วีไอพี กรุ๊ปส์ จำกัด,https://www.home.co.th/d/vipgroups
443,บริษัท เอส เค แลนด์ ดีเวลลอปเม้นท์ จำกัด,https://www.home.co.th/d/skland
444,บริษัท ปยุต จำกัด,https://www.home.co.th/d/payut
445,บริษัท เอ.เค.แลนด์ จำกัด,https://www.home.co.th/d/akland
446,บริษัท แปซิฟิค กรุ๊ป พร็อพเพอร์ตี้ จำกัด,https://www.home.co.th/d/pacificgroup
447,บริษัท ซื่อตรงกรุ๊ป จำกัด,https://www.home.co.th/d/suetrong
448,บริษัท รุ่งกิจ เรียลเอสเตท จำกัด,https://www.home.co.th/d/Rungkit
449,บริษัท อัลเทอร์เนทีฟ แอสเซท จำกัด,https://www.home.co.th/d/alternative
450,บริษัท รัตนโชติ เรียลเอสเตท จำกัด,https://www.home.co.th/d/rattanachot
451,บริษัท บี พลัส เอ็นเตอร์ไพรส์ จำกัด,https://www.home.co.th/d/bplus
452,บริษัท อมรันทา ดีเวลลอปเมนท์ จำกัด,https://www.home.co.th/d/amaranta
453,บริษัท ฟิฟธ์ ดีเวลลอปเมนท์ จำกัด,https://www.home.co.th/d/fifth
454,บริษัท อินเตอร์ ลักส์ เรซิเดนซ์ จำกัด,https://www.home.co.th/d/interlux
455,บริษัท บิลท์ แลนด์ จำกัด (มหาชน),https://www.home.co.th/d/builtland
456,บริษัท มานะพัฒนาการ จำกัด,https://www.home.co.th/d/manapatanakarn
457,บริษัท วิถีไทย เรียลเอสเตท จำกัด,https://www.home.co.th/d/withithai
458,บริษัท โว้ค พร็อพเพอร์ตี้ จำกัด,https://www.home.co.th/d/voque
459,บริษัท สันติโชค จำกัด,https://www.home.co.th/d/santi-chok
460,บริษัท 39 เอสเตท จำกัด,https://www.home.co.th/d/39Estate
461,บริษัท ปาล์มสปริงส์ เพลซ จำกัด,https://www.home.co.th/d/palmsprings
462,บริษัท สิรินารา จำกัด,https://www.home.co.th/d/sirinara
463,บริษัท โฮมเพลส ดีเวลลอปเม้นท์ จำกัด,https://www.home.co.th/d/homeplace
464,บริษัท โกลเด้นทูบี พร็อพเพอร์ตี้ จำกัด,https://www.home.co.th/d/goldentobe
465,บริษัท แกรนด์ ยูนิตี้ ดิเวลล็อปเมนท์ จำกัด,https://www.home.co.th/d/grandunity
466,บริษัท เมเจอร์ ดีเวลลอปเม้นท์ จำกัด (มหาชน),https://www.home.co.th/d/major
467,บริษัท เอ.เอ็ม.ดีเวลลอปเม้นท์ จำกัด,https://www.home.co.th/d/amdevelopment
468,บริษัท อีเอ็มซี จำกัด (มหาชน),https://www.home.co.th/d/EMC
469,บริษัท เอ็ส ซี แอล คาซ่า จำกัด,https://www.home.co.th/d/scl
470,บริษัท เบญญาภา พร็อพเพอร์ตี้ จำกัด,https://www.home.co.th/d/benyapha
471,บริษัท ศิชามาสรัตน์ดิเวลลอปเม้นท์ จำกัด,https://www.home.co.th/d/sicha
472,บริษัท ดี เวล แกรนด์ แอสเสท จำกัด,https://www.home.co.th/d/dwellgrandasset
473,บริษัท เย็นสบายดี เรสซิเดนท์ จำกัด,https://www.home.co.th/d/yensabaidee
474,บริษัท กรุงนนท์ ดีเวลลลอปเม้นท์ จำกัด,https://www.home.co.th/d/krungnon
475,บริษัท ปัญญาเฮ้าส์ จำกัด,https://www.home.co.th/d/panyahouse
476,บริษัท ออลล์ อินสไปร์ ดีเวลลอปเม้นท์ จำกัด(มหาชน),https://www.home.co.th/d/allinspire
477,บริษัท ธีรกมล พร็อพเพอร์ตี้ จำกัด,https://www.home.co.th/d/theerakamon
478,บริษัท ซาแลน ดีเวลลอปเมนท์ จำกัด,https://www.home.co.th/d/salan
479,บริษัท ธนบูลย์ เอสเตท 77 จำกัด,https://www.home.co.th/d/thanaboon
480,บริษัท ท็อป ควอลิตี้ พร็อพเพอร์ตี้ จำกัด,https://www.home.co.th/d/topquality
481,บริษัท พาวิลเลี่ยน พร็อพเพอร์ตี้ จำกัด,https://www.home.co.th/d/Pavilion
482,บริษัท บ้านหลังสวน พร็อพเพอร์ตี้ จำกัด,https://www.home.co.th/d/baanlangsuan
483,บริษัท ไพน์เฮิร์สท วิลซ์ จำกัด,https://www.home.co.th/d/pinehurstwillz
484,บริษัท อดามัส เรียล เอสเตท จำกัด,https://www.home.co.th/d/adamas
485,บริษัท รื่นฤดี กรุ๊ป จำกัด,https://www.home.co.th/d/ruenruedee
486,บริษัท สิริทนง พร็อพเพอร์ตี้ จำกัด,https://www.home.co.th/d/sirithanong
487,บริษัท เอ็มเจอาร์ ดีเวลลอปเม้นท์ จำกัด,https://www.home.co.th/d/mjrdevelopment
488,บริษัท พี.เอส.เค ปาร์ค จำกัด,https://www.home.co.th/d/pskpark
489,บ้านรินทอง,https://www.home.co.th/d/banrinthong
490,บริษัท ไฮแลนด์ โกลบอล (ประเทศไทย) จำกัด,https://www.home.co.th/d/hilandglobal
491,บริษัท ปลื้มแสนสุข จำกัด,https://www.home.co.th/d/theperfectville
492,บริษัท เอเชียเพลส เรียลเอสเตท จำกัด,https://www.home.co.th/d/asiaplace
493,บริษัท เคหะกำจร จำกัด,https://www.home.co.th/d/kehakumjon
494,บริษัท เดอะเบสท์ พร็อพเพอร์ตี้ จำกัด,https://www.home.co.th/d/thebest
495,บริษัท ซัคเซส เรียลตี้ จำกัด,https://www.home.co.th/d/success
496,บริษัท โมเดิร์นแลนด์ จำกัด,https://www.home.co.th/d/modernland
497,บริษัท พูลผลทรัพย์ จำกัด,https://www.home.co.th/d/Poonpholsap
498,บริษัท พระนคร พร็อพเพอร์ตี้ จำกัด,https://www.home.co.th/d/pranakorn
499,บริษัท ดับเบิ้ลวันแอสเซ็ทส์ จำกัด,https://www.home.co.th/d/double1assets
500,บริษัท โอ.พี.แมนชั่น จำกัด,https://www.home.co.th/d/opmansion
501,บริษัท เฉลิมนคร จำกัด (สำนักงานใหญ่),https://www.home.co.th/d/chalermnakorn
502,บริษัท วังทองสยาม จำกัด,https://www.home.co.th/d/wangthongsiam
503,บริษัท มาลานันท์ ก่อสร้าง จำกัด,https://www.home.co.th/d/malanan
504,บริษัท ควอลิตี้ คอพเซ็พท์ พลัส จำกัด,https://www.home.co.th/d/qualityconcept
505,บริษัท บุราพันธ์ ดีเวลล็อปเม้นท์ จำกัด,https://www.home.co.th/d/buraphan
506,บริษัท เบทเทอร์ พร็อพเพอร์ตี้ส์ ดีเวลลอปเม้นท์ จำกัด,https://www.home.co.th/d/betterproperty
507,บริษัท ธีรินทร์พาร์ค จำกัด,https://www.home.co.th/d/teerinpark
508,บริษัท เอสเอ็ม พรอพเพอร์พลัส จำกัด,https://www.home.co.th/d/smproperplus
509,บริษัท ดรีมแลนด์ พร๊อพเพอร์ตี้ จำกัด,https://www.home.co.th/d/dreamland
510,บริษัท เกนมอร์ พร็อพเพอร์ตี้ จำกัด,https://www.home.co.th/d/genmore
511,บริษัท บ้านวิศวะ พีเอ็ม จำกัด,https://www.home.co.th/d/baanwissawa
512,บริษัท บ้านวิวสวน จำกัด,https://www.home.co.th/d/baanviewsuan
513,บริษัท ซีฮิลล์ พร็อพเพอร์ตี้ จำกัด,https://www.home.co.th/d/seahill
514,บริษัท เดอะคลาสสิค พร็อพเพอร์ตี้ จำกัด,https://www.home.co.th/d/theclassic
515,บริษัท ภณาสิริ ดิเวลลอปเม้นท์  จำกัด,https://www.home.co.th/d/Panasiri
516,บริษัท พนาสนธิ์ มั่นคง จำกัด,https://www.home.co.th/d/phanason
517,บริษัท โกสุมพัฒนา จำกัด,https://www.home.co.th/d/kosumpattana
518,บริษัท กุลรดา กรุ๊ป จำกัด,https://www.home.co.th/d/kulrada
519,บริษัท สิริวลัย พร็อพเพอร์ตี้ จำกัด,https://www.home.co.th/d/sirivalai
520,บริษัท บ้านอุ่นใจ พร็อพเพอร์ตี้ จำกัด,https://www.home.co.th/d/baanaunjai
521,บริษัท บ้านนนท์ จำกัด,https://www.home.co.th/d/baannonn
522,บริษัท เจ.ดับบลิว. เรียลเอสเตท จำกัด,https://www.home.co.th/d/jwgroup
523,บริษัท อุดมพานิช พร็อพเพอร์ตี้ จำกัด,https://www.home.co.th/d/udompanich
524,บริษัท แอล ยู เค พร็อพเพอร์ตี้ จำกัด,https://www.home.co.th/d/lukproperty
525,บริษัท บ้านภูมิสิริ จำกัด,https://www.home.co.th/d/baanbhumsiri
526,บริษัท วิวัฒน์พรอพเพอร์ตี้ จำกัด,https://www.home.co.th/d/viwat
527,บริษัท สยามมั่นคง จำกัด,https://www.home.co.th/d/siammunkong
528,บริษัท คอสโม พร็อพเพอร์ตี้ จำกัด,https://www.home.co.th/d/cosmo
529,บริษัท เจ เอส วี แลนด์ จำกัด,https://www.home.co.th/d/jvsland
530,บริษัท บ้านกรองทอง จำกัด,https://www.home.co.th/d/baankrongthong
531,บริษัท สินทรัพย์ก้าวหน้า จำกัด,https://www.home.co.th/d/progressive
532,บริษัท บริหารและพัฒนาเพื่อการอนุรักษ์สิ่งแวดล้อม จำกัด (มหาชน),https://www.home.co.th/d/gencoproperty
533,บริษัท รีโว เอสเตท จำกัด,https://www.home.co.th/d/revoestate
534,บริษัท บ้านคุณาภัทร จำกัด,https://www.home.co.th/d/baankunaphat
535,บริษัท บุหงา แอสเซท จำกัด,https://www.home.co.th/d/bungaasset
536,บริษัท พีทีซี.คอนโด จำกัด,https://www.home.co.th/d/ptccondo
537,บริษัท แลนด์ แอนด์ พร็อพเพอร์ตี้ กรุ๊ป จำกัด,https://www.home.co.th/d/landandproperty
538,บริษัท เวลธ์ ดีเวลลอปเปอร์ จำกัด,https://www.home.co.th/d/wealthdev
539,บริษัท นวินดีวีล็อปเมนต์ จำกัด,https://www.home.co.th/d/navin
540,บริษัท แปซิฟิคสตาร์ อินเตอร์เนชั่นแนล (ประเทศไทย) จำกัด,https://www.home.co.th/d/pacificstar
541,บริษัท ดับบลิว ดีเวลลอปเม้นท์ จำกัด,https://www.home.co.th/d/wdevelopment
542,บริษัท โกลเด้น ดีเวลล๊อปเม้นท์ จำกัด,https://www.home.co.th/d/golden
543,บริษัท กรีนการ์เด้นโฮม จำกัด,https://www.home.co.th/d/greengardenhome
544,บริษัท พระยาพาณิชย์ พร็อพเพอร์ตี้ จำกัด (ในเครือ CMC Group),https://www.home.co.th/d/prayapanich
545,บริษัท ปิยทรัพย์การโยธา จำกัด,https://www.home.co.th/d/piyasub
546,บริษัท เบล็ส แอสเสท กรุ๊ป จำกัด,https://www.home.co.th/d/bagroup
547,บริษัท ธนาสิริ กรุ๊ป จำกัด (มหาชน),https://www.home.co.th/d/Thanasiri
548,บริษัท เอคิว เอสเตท จำกัด (มหาชน),https://www.home.co.th/d/aqestate
